chemsys,n_elements,n_entries,status,n_prompts
Ac-As-Li,3,27,ok,1
Ac-Hf-Ta,3,20,ok,1
Ac-Mn-Pa,3,15,ok,1
Ac-Sm-Y,3,23,ok,1
Ag-Al-Mn-Y,4,72,ok,1
Ag-Al-Re,3,35,ok,1
Ag-Ba-Si,3,87,ok,1
Ag-Ba-Sm,3,35,ok,1
Ag-Ba-Y-Zn,4,75,ok,1
Ag-Be-Cr-Fe,4,51,ok,1
Ag-Be-Ge-Ti,4,68,ok,1
Ag-Be-Hg,3,44,ok,1
Ag-Be-Nb,3,23,ok,1
Ag-Br-Co,3,28,ok,1
Ag-Ca-Sr,3,55,ok,1
Ag-Cd-In,3,43,ok,1
Ag-Cd-Ir-V,4,48,ok,1
Ag-Co-La,3,32,ok,1
Ag-Cr-Ga,3,33,ok,1
Ag-Cu-Os,3,20,ok,1
Ag-Cu-Tl,3,25,ok,1
Ag-Fe-Li,3,41,ok,1
Ag-Ge-Li-S-Sr,5,175,ok,1
Ag-Ge-Ti,3,48,ok,1
Ag-H-Rh-Y,4,59,ok,1
Ag-Hg,2,37,ok,1
Ag-La-Ni-Tl,4,52,ok,1
Ag-Lu-Se,3,39,ok,1
Ag-Na-Pd,3,39,ok,1
Ag-Na-Te,3,48,ok,1
Ag-Na-Zr,3,38,ok,1
Ag-Nb,2,10,ok,2
Ag-Nb-Sn-W,4,36,ok,1
Ag-Pb-Ru,3,18,ok,1
Ag-Pd-Pt,3,23,ok,1
Ag-Rh-Ru,3,22,ok,1
Ag-Rh-Si,3,73,ok,1
Ag-Rh-V,3,25,ok,1
Ag-Rh-Zr,3,34,ok,1
Ag-Se-W,3,42,ok,1
Ag-Si,2,53,ok,1
Ag-Si-Sn-Ti,4,109,ok,1
Ag-Si-Ti,3,81,ok,1
Ag-Sr-Y,3,32,ok,1
Ag-Zr,2,15,ok,1
Al-As,2,24,ok,1
Al-Au-B,3,45,ok,1
Al-Au-Cu,3,58,ok,1
Al-B-Ni,3,59,ok,1
Al-B-Ti,3,60,ok,1
Al-Ba-In-Ni,4,76,ok,1
Al-Ba-Pt-Tl,4,70,ok,1
Al-Be-Sc,3,37,ok,1
Al-Br-Li,3,42,ok,1
Al-Ca-Pt,3,55,ok,1
Al-Cl,2,14,ok,1
Al-Co,2,28,ok,1
Al-Co-In,3,38,ok,1
Al-Cr-K-Ni,4,82,ok,1
Al-Cr-Li-Pb,4,65,ok,1
Al-Cr-Pt,3,47,ok,1
Al-Cu-Li-Ni-Pt,5,146,ok,1
Al-Cu-Mo,3,54,ok,1
Al-Cu-Ti-Tl,4,86,ok,1
Al-Dy-Ge,3,66,ok,1
Al-Dy-U,3,52,ok,1
Al-Fe-Y,3,75,ok,1
Al-Ga-Ho-Ni,4,117,ok,1
Al-Ga-Zn,3,31,ok,1
Al-Gd-Ge-Rh,4,76,ok,1
Al-Ge-La,3,59,ok,1
Al-Ge-Mo,3,58,ok,1
Al-Ge-Ni,3,68,ok,1
Al-Ge-Sb,3,55,ok,1
Al-Hg-Pb-Re,4,60,ok,1
Al-Ho-Rh,3,41,ok,1
Al-Li-Pb-Pt,4,87,ok,1
Al-Mg-Re,3,67,ok,1
Al-Mn-Ta,3,49,ok,1
Al-Mn-Te,3,53,ok,1
Al-Na-Ta,3,48,ok,1
Al-Nb-Pb-Tc,4,44,ok,1
Al-Nb-Sc,3,41,ok,1
Al-P-Sb,3,48,ok,1
Al-Pd-Tc,3,40,ok,1
Al-Pd-Y,3,53,ok,1
Al-Pr-Tb,3,56,ok,1
Al-Re-Tm,3,36,ok,1
Al-Ru-Se,3,37,ok,1
Al-Ru-W,3,37,ok,1
Al-Se-Tl,3,39,ok,1
Al-Si-W,3,74,ok,1
Al-V-Zr,3,52,ok,1
Al-W,2,22,ok,1
Al-Zn,2,20,ok,1
As-B-Be,3,31,ok,1
As-B-Tl,3,34,ok,1
As-Be-Hf,3,28,ok,1
As-Be-La,3,19,ok,1
As-Bi-La,3,34,ok,1
As-Br-Ge,3,43,ok,1
As-Br-Pd,3,26,ok,1
As-Br-Pt,3,21,ok,1
As-Ca-La,3,36,ok,1
As-Ca-Pt,3,40,ok,1
As-Cd-K,3,58,ok,1
As-Cd-Pt,3,33,ok,1
As-Cd-Rb,3,52,ok,1
As-Ce-Ho,3,28,ok,1
As-Cl,2,10,ok,1
As-Cl-Pd,3,26,ok,1
As-Co-Pd,3,39,ok,1
As-Cu-Li,3,54,ok,1
As-Dy-O-Yb,4,61,ok,1
As-Ga-Te,3,57,ok,1
As-Hg-Re,3,38,ok,1
As-Ir-Re,3,24,ok,1
As-K-Re,3,45,ok,1
As-Lu-O-Rb,4,113,ok,1
As-Mg-Ni-Ru,4,70,ok,1
As-Mg-Sr,3,129,ok,1
As-Mn-Pt,3,35,ok,1
As-Mo-Te,3,46,ok,1
As-N-O-Pa,4,101,ok,1
As-Na,2,29,ok,1
As-Na-P,3,51,ok,1
As-Nb-O,3,94,ok,1
As-Nb-W,3,32,ok,1
As-Ni-Pd-Zr,4,79,ok,1
As-Ni-Y,3,42,ok,1
As-O-Sn-Sr,4,187,ok,1
As-O-Tl-Y,4,101,ok,1
As-Os-Tc,3,22,ok,1
As-Pt-Se,3,29,ok,1
As-Pt-Sr,3,43,ok,1
As-Re-Sn,3,32,ok,1
As-Rh-V,3,36,ok,1
As-Sc-Se,3,46,ok,1
As-Sn-Zn,3,49,ok,1
As-Ti,2,27,ok,1
As-Zn,2,25,ok,1
As-Zr,2,21,ok,1
Au-B-Cu-Pd,4,72,ok,1
Au-B-Mo,3,42,ok,1
Au-Ba-Co,3,29,ok,1
Au-Be-Rh,3,22,ok,1
Au-Br-Hf,3,31,ok,1
Au-Br-Te,3,37,ok,1
Au-C,2,70,ok,1
Au-Ca-Ni,3,43,ok,1
Au-Ca-Pd,3,45,ok,1
Au-Cd-Y,3,41,ok,1
Au-Cl-Eu,3,32,ok,1
Au-Co-Fe,3,40,ok,1
Au-Co-Ir-Pb,4,40,ok,1
Au-Co-Ta,3,41,ok,1
Au-Cr-K,3,38,ok,1
Au-Cr-Mg,3,49,ok,1
Au-Cu-Hf-Sn,4,87,ok,1
Au-Cu-In-Li-Mg,5,269,ok,1
Au-Cu-Re,3,27,ok,1
Au-Dy-Mg-Tl,4,90,ok,1
Au-Fe-In,3,35,ok,1
Au-Hf-Hg,3,47,ok,1
Au-Hf-K,3,42,ok,1
Au-Hf-Mg,3,65,ok,1
Au-Hf-Sb,3,44,ok,1
Au-Hg-La,3,55,ok,1
Au-Hg-Li,3,60,ok,1
Au-Hg-Pd-Ru,4,56,ok,1
Au-K-Pb,3,46,ok,1
Au-Li-Nb,3,35,ok,1
Au-Mn-Zn,3,50,ok,1
Au-Mo-Zr,3,30,ok,1
Au-Na-Sr,3,45,ok,1
Au-Ni-Y,3,35,ok,1
Au-Os-Pm,3,18,ok,1
Au-P-Ru,3,32,ok,1
Au-Pb-Te,3,39,ok,1
Au-Pd,2,13,ok,1
Au-Sb-Sc,3,48,ok,1
Au-Sn-Ta,3,38,ok,1
Au-Tc-V,3,17,ok,1
Au-Te-Zr,3,46,ok,1
B-Ba-Mo-O,4,220,ok,1
B-Ba-O-Pb-Zn,5,243,ok,1
B-Ba-Tl,3,38,ok,1
B-Be-Cr-Cu,4,58,ok,1
B-Be-K-O,4,146,ok,1
B-Bi-In,3,53,ok,1
B-Br-Cu,3,44,ok,1
B-Cd-Cu-Fe,4,68,ok,1
B-Co-Fe,3,69,ok,1
B-Co-Mg-Ru,4,72,ok,1
B-Cu-Sb,3,47,ok,1
B-Dy-Sr,3,39,ok,1
B-F-Ge,3,55,ok,1
B-Fe,2,39,ok,1
B-Fe-La,3,47,ok,1
B-Fe-Rh,3,56,ok,1
B-Ga,2,25,ok,1
B-Ga-N,3,117,ok,1
B-Ga-V,3,46,ok,1
B-Ge-Rh,3,55,ok,1
B-Hf-Ru,3,34,ok,1
B-Hg-Mn,3,60,ok,1
B-Hg-Nb,3,51,ok,1
B-Hg-Sr,3,69,ok,1
B-In-Zr,3,43,ok,1
B-K-P,3,71,ok,1
B-K-Re,3,54,ok,1
B-K-Si,3,93,ok,1
B-K-Zr,3,55,ok,1
B-Mg-Ti,3,132,ok,1
B-Mn-Sc,3,46,ok,1
B-Mn-Y,3,46,ok,1
B-Mo-Se,3,62,ok,1
B-N,2,59,ok,1
B-O-Re,3,83,ok,1
B-P-Si,3,88,ok,1
B-Pb-V,3,36,ok,1
B-Re-Sn,3,43,ok,1
B-Sb-Tc,3,44,ok,1
B-Sc-Se,3,46,ok,1
B-Si-Sn,3,81,ok,1
B-Y-Zn,3,46,ok,1
Ba-Bi,2,33,ok,2
Ba-Bi-Zn,3,52,ok,1
Ba-Ca-Mn,3,41,ok,1
Ba-Ca-Na-Zr,4,63,ok,1
Ba-Ca-Pd,3,48,ok,2
Ba-Ca-Y,3,41,ok,1
Ba-Cd-Hg,3,66,ok,1
Ba-Cl-O,3,94,ok,1
Ba-Cl-Pb,3,33,ok,1
Ba-Co-Cu-Dy-O,5,297,ok,1
Ba-Cr,2,17,ok,1
Ba-Cr-Nd-O,4,219,ok,1
Ba-Cr-P,3,50,ok,1
Ba-Cu-Fe,3,38,ok,1
Ba-Cu-Ga,3,45,ok,1
Ba-Cu-S-Th,4,116,ok,1
Ba-Fe-P,3,59,ok,1
Ba-Fe-Sn-Y,4,79,ok,1
Ba-Ga-K-Re,4,71,ok,1
Ba-Ga-Li-Ru,4,58,ok,1
Ba-Ge-Hf,3,59,ok,1
Ba-H-I,3,44,ok,1
Ba-Hf-Pb,3,32,ok,1
Ba-Hf-Te,3,37,ok,1
Ba-Hg-In-Na,4,106,ok,1
Ba-In-Pb,3,41,ok,1
Ba-K-Na,3,59,ok,1
Ba-Li-Tl,3,43,ok,2
Ba-Li-Y,3,34,ok,1
Ba-Lu-O,3,76,ok,1
Ba-Lu-Pm,3,23,ok,1
Ba-Mn-Os,3,27,ok,1
Ba-Mn-P,3,60,ok,1
Ba-Mn-Pb,3,33,ok,1
Ba-Mo-Zr,3,31,ok,1
Ba-Nb-Y,3,24,ok,1
Ba-Ni-Se,3,43,ok,1
Ba-O-V,3,311,ok,1
Ba-Pd,2,21,ok,1
Ba-Ru-Si,3,85,ok,1
Ba-Sn,2,28,ok,1
Ba-Ta-W-Zr,4,44,ok,1
Ba-Tc-Tl,3,23,ok,1
Ba-W,2,19,ok,1
Be-Bi-Tl,3,29,ok,1
Be-Br-Cl,3,23,ok,1
Be-Ca-Ir-Sc,4,47,ok,1
Be-Ca-Se-Te,4,48,ok,1
Be-Cd-O,3,49,ok,1
Be-Cl,2,11,ok,1
Be-Cl-Li,3,28,ok,1
Be-Cl-Te,3,26,ok,1
Be-Co-Si,3,70,ok,1
Be-Co-Tl,3,24,ok,1
Be-Cr-Pb,3,22,ok,1
Be-Cr-Pd,3,24,ok,1
Be-Cu-Se,3,56,ok,1
Be-Cu-W,3,29,ok,1
Be-Fe-Ti,3,45,ok,1
Be-Fe-Tl,3,25,ok,1
Be-Ga-In,3,24,ok,1
Be-Ga-P,3,39,ok,1
Be-In-Ni,3,35,ok,1
Be-In-Re,3,19,ok,1
Be-K-Rb,3,51,ok,1
Be-K-Tc,3,34,ok,1
Be-La-Se,3,32,ok,1
Be-La-Tc,3,12,ok,1
Be-Li-Sr,3,33,ok,1
Be-Mn-Pd,3,33,ok,1
Be-Mo-Sc,3,31,ok,1
Be-Na-Y,3,26,ok,1
Be-Nb-Se,3,50,ok,1
Be-Ni,2,14,ok,1
Be-Ni-Sc,3,36,ok,1
Be-Ni-Sr,3,27,ok,1
Be-Os-P,3,32,ok,1
Be-Os-Zr,3,26,ok,1
Be-Pb-Rh,3,25,ok,1
Be-Pb-Ta,3,31,ok,1
Be-Pd-Ti,3,48,ok,1
Be-Rb,2,23,ok,1
Be-Ru-Te,3,27,ok,1
Be-Sc,2,17,ok,1
Be-Se-V,3,30,ok,1
Be-Th-Zr,3,23,ok,1
Bi-Br-Ge,3,48,ok,1
Bi-Br-Sb,3,45,ok,1
Bi-Ca-Ni,3,50,ok,1
Bi-Ca-Ru,3,34,ok,1
Bi-Ca-V,3,45,ok,1
Bi-Cd,2,21,ok,1
Bi-Cl-Mo,3,45,ok,1
Bi-Co-Y,3,50,ok,1
Bi-Cr-Si,3,70,ok,1
Bi-Hf-K,3,56,ok,1
Bi-Hf-Li,3,37,ok,1
Bi-Hf-Tl,3,40,ok,1
Bi-Hg-Na,3,72,ok,1
Bi-Hg-P,3,57,ok,1
Bi-I-O-Sr,4,211,ok,1
Bi-Ir-Pd,3,35,ok,1
Bi-K-Os,3,50,ok,1
Bi-La-Pb-Tl,4,63,ok,1
Bi-Li-Mo,3,38,ok,1
Bi-Li-P,3,47,ok,1
Bi-Li-Pd-Y,4,77,ok,1
Bi-Li-Sn,3,54,ok,1
Bi-Mn-Mo-Y,4,56,ok,1
Bi-Ni-Sr,3,46,ok,1
Bi-O-P-Pa,4,204,ok,1
Bi-Os-P,3,36,ok,1
Bi-Os-Sc,3,39,ok,1
Bi-P-Sb,3,44,ok,1
Bi-P-Sn,3,55,ok,1
Bi-Pt-Ta,3,41,ok,1
Bi-Rb-Yb,3,42,ok,1
Bi-Rh-Si,3,79,ok,1
Bi-Sc-Y,3,40,ok,1
Bi-Se-Y,3,59,ok,1
Bi-Si-Zn,3,71,ok,1
Bi-Sr,2,34,ok,1
Bi-Sr-Te,3,57,ok,1
Bi-Sr-Tl,3,53,ok,1
Bi-Zr,2,26,ok,1
Br-Ca-Pt,3,34,ok,1
Br-Cd-Se,3,38,ok,1
Br-Cd-Zn,3,28,ok,1
Br-Cl-Ga,3,29,ok,1
Br-Cr-Os,3,24,ok,1
Br-Cu-Y,3,40,ok,1
Br-Fe-Ti,3,43,ok,1
Br-Gd-O-W,4,191,ok,1
Br-Ge-Tc,3,37,ok,1
Br-Hf-Ti,3,32,ok,1
Br-Hf-W,3,33,ok,1
Br-Hg-K,3,72,ok,1
Br-Hg-Os,3,41,ok,1
Br-In-Rh,3,36,ok,1
Br-Ir-Pb,3,26,ok,1
Br-K-Pb,3,46,ok,1
Br-K-Y,3,43,ok,1
Br-La-Mg,3,70,ok,1
Br-Mg,2,19,ok,1
Br-Mn-Sc,3,32,ok,1
Br-Na,2,22,ok,1
Br-Ni-Tc,3,23,ok,1
Br-Ni-Te,3,36,ok,1
Br-P-Se,3,50,ok,1
Br-Pd-Ti,3,43,ok,1
Br-Rb,2,30,ok,1
Br-Re-Ti,3,35,ok,1
Br-Rh-Ru,3,24,ok,1
Br-Ru-Si,3,71,ok,1
Br-Ru-Te,3,27,ok,1
Br-Sb,2,24,ok,1
Br-Se-V,3,38,ok,1
Br-Tm,2,15,ok,1
Br-Zn,2,19,ok,1
C-Cd-N,3,151,ok,1
C-Ce-Mo,3,91,ok,1
C-Cu,2,71,ok,1
C-Dy-Mn-Si-Tm,5,232,ok,1
C-Er-Ho-Se,4,113,ok,1
C-Eu-F-K-O,5,265,ok,1
C-F-H-Sb,4,159,ok,1
C-F-W,3,110,ok,1
C-Fe-Y,3,125,ok,1
C-Hf-Sc-V,4,117,ok,1
C-I-K-N,4,212,ok,1
C-Ni-O-Ru,4,178,ok,1
C-Tl,2,73,ok,1
Ca-Cd,2,24,ok,1
Ca-Cd-Hf-Mn,4,46,ok,1
Ca-Ce-Cu-Se,4,260,ok,1
Ca-Cl,2,19,ok,1
Ca-Cl-Cu-O-Te,5,287,ok,1
Ca-Cl-Ta,3,33,ok,1
Ca-Co-Pt,3,38,ok,1
Ca-Cr-Mo-Os,4,41,ok,1
Ca-Cr-Sc,3,29,ok,1
Ca-Cr-Ti,3,34,ok,1
Ca-Cs-Ga,3,52,ok,1
Ca-Cu-Tl,3,37,ok,1
Ca-Fe-Sn,3,49,ok,1
Ca-Fe-Sr,3,45,ok,1
Ca-Ga-Li-Sn,4,108,ok,1
Ca-Ge-Te,3,62,ok,1
Ca-H-Ni,3,64,ok,1
Ca-In-N,3,68,ok,1
Ca-Ir-Si,3,89,ok,1
Ca-K-Pb,3,56,ok,1
Ca-La-Rh,3,38,ok,1
Ca-Li-Ti,3,38,ok,1
Ca-Li-W,3,41,ok,1
Ca-Mg,2,93,ok,1
Ca-Mn-Zr,3,35,ok,1
Ca-Mo,2,20,ok,1
Ca-Mo-Re-W,4,53,ok,1
Ca-Na-Ti,3,44,ok,1
Ca-Nd-Ta,3,29,ok,1
Ca-Os-Pb,3,34,ok,1
Ca-Ru-V,3,24,ok,1
Ca-Sc-Zr,3,32,ok,1
Ca-Se-Zr,3,42,ok,1
Ca-Sr-Ti,3,45,ok,1
Ca-Ta-V,3,29,ok,1
Cd-Cl-Cu,3,37,ok,1
Cd-Cl-Sn,3,29,ok,1
Cd-Cl-Ta,3,27,ok,1
Cd-Co-Tc,3,18,ok,1
Cd-Cu-Ta,3,28,ok,1
Cd-Dy,2,15,ok,1
Cd-Eu-Ni-Te,4,59,ok,1
Cd-F-Zr,3,31,ok,1
Cd-Fe-Si,3,71,ok,1
Cd-Ga-Li-Tl,4,69,ok,1
Cd-Ge-Mg-Na,4,164,ok,1
Cd-Ge-Pt,3,42,ok,1
Cd-In-Ta,3,26,ok,1
Cd-Nb-Sr,3,31,ok,1
Cd-Nb-Tl,3,21,ok,1
Cd-Ni-W,3,24,ok,1
Cd-O-Pt,3,60,ok,1
Cd-P,2,30,ok,1
Cd-Pb-Sb,3,38,ok,1
Cd-Pt-Tc,3,22,ok,1
Cd-Rh-Sc,3,29,ok,1
Cd-Ru-Te,3,29,ok,1
Cd-Ta-Zr,3,31,ok,1
Ce-Co-Ga-Ge,4,109,ok,1
Ce-F-Pt,3,33,ok,1
Ce-F-S,3,66,ok,1
Ce-N-P,3,48,ok,1
Ce-Ni-Sn,3,62,ok,1
Ce-Pt-Rh-Sn,4,81,ok,1
Ce-Pt-Sr,3,38,ok,1
Ce-Ru-Tb,3,28,ok,1
Ce-Th,2,11,ok,1
Ce-Zr,2,12,ok,1
Cl-Cu-In,3,51,ok,1
Cl-Cu-Na,3,53,ok,1
Cl-Fe-P,3,50,ok,1
Cl-I-K-Mo,4,75,ok,1
Cl-K-Mo-O,4,232,ok,1
Cl-Li-Mn,3,24,ok,1
Cl-Li-Sn,3,39,ok,1
Cl-Mg-Pt,3,42,ok,1
Cl-Na-Rh,3,40,ok,1
Cl-O-Se,3,57,ok,1
Cl-Os-Y,3,19,ok,1
Cl-P-Ru,3,32,ok,1
Cl-Re-Sb,3,29,ok,1
Cl-Re-Sr,3,27,ok,1
Cl-Rh,2,10,ok,1
Cl-Sb-Zr,3,50,ok,1
Cl-Sc,2,18,ok,1
Cl-Se-Zr,3,49,ok,1
Cl-Te-Y,3,29,ok,1
Co-Cr-Mg,3,50,ok,1
Co-Cr-Ru,3,30,ok,1
Co-Cr-Si,3,80,ok,1
Co-Cu-Hf-Ti,4,75,ok,1
Co-Er-Ge,3,72,ok,1
Co-F-In,3,36,ok,1
Co-F-V,3,90,ok,1
Co-Fe-Li-Ni-O,5,1362,ok,1
Co-Fe-Ni,3,61,ok,1
Co-Fe-Tl,3,38,ok,1
Co-Ga-Mo,3,42,ok,1
Co-Ge,2,37,ok,1
Co-Ge-Mg,3,73,ok,1
Co-Ge-Mo-Os,4,78,ok,1
Co-Ge-Ni-Te,4,107,ok,1
Co-Hf-Hg,3,50,ok,1
Co-Hf-Si,3,86,ok,1
Co-Hf-Sn-Ta,4,85,ok,1
Co-Hg-Ru-Zn,4,63,ok,1
Co-Hg-Sb,3,53,ok,1
Co-Ir-Mo,3,40,ok,1
Co-Ir-Pt-Ti,4,64,ok,1
Co-O,2,90,ok,1
Co-O-P-Si,4,650,ok,1
Co-Rh-Sn,3,45,ok,1
Co-Rh-V,3,34,ok,1
Co-S,2,51,ok,1
Co-Se-W,3,48,ok,1
Co-Zr,2,23,ok,1
Cr-Cu-Ni,3,40,ok,1
Cr-Dy-In,3,26,ok,1
Cr-Er-Mo,3,22,ok,1
Cr-Eu,2,15,ok,1
Cr-Fe-Ru,3,30,ok,1
Cr-Fe-W,3,38,ok,1
Cr-Ga-Mg,3,125,ok,1
Cr-Ga-Ni,3,50,ok,1
Cr-Ge-In,3,42,ok,1
Cr-Ge-Nb-Re,4,77,ok,1
Cr-Ge-Ni-Ru,4,73,ok,1
Cr-Ge-P,3,54,ok,1
Cr-H-Li-Os,4,51,ok,1
Cr-In-K-Pd,4,67,ok,1
Cr-In-Zr,3,32,ok,1
Cr-Ir,2,15,ok,1
Cr-Ir-Ru,3,25,ok,1
Cr-Ir-Sn,3,32,ok,1
Cr-K-Tc,3,37,ok,1
Cr-Li-Mn,3,27,ok,1
Cr-Li-Sc,3,30,ok,1
Cr-Mg-Zn,3,118,ok,1
Cr-Mn-Sb,3,49,ok,1
Cr-Nb-Sc-Sr,4,53,ok,1
Cr-Ni-Sn,3,46,ok,1
Cr-Ni-W,3,35,ok,1
Cr-Os-V-W,4,42,ok,1
Cr-Os-Zn,3,26,ok,1
Cr-Re-V-Zn,4,36,ok,1
Cr-Ru-Si,3,74,ok,1
Cr-Se-Si,3,86,ok,1
Cr-Si-U,3,81,ok,1
Cs-Cu-I-Ti,4,84,ok,1
Cs-Er-Sc-Te,4,68,ok,1
Cs-F-Mg,3,45,ok,1
Cs-F-Ni,3,46,ok,1
Cs-Na-Pb,3,44,ok,1
Cu-Dy-Ge-Mn,4,96,ok,1
Cu-Fe-Ga-Hf,4,83,ok,1
Cu-Fe-Re-Ta,4,54,ok,1
Cu-Ga-K,3,53,ok,1
Cu-Ga-Pt,3,50,ok,1
Cu-H-O,3,113,ok,1
Cu-Hf-Mg,3,66,ok,1
Cu-Hg-Na,3,64,ok,1
Cu-Hg-Se,3,75,ok,1
Cu-I,2,29,ok,1
Cu-In-Zr,3,56,ok,1
Cu-Ir-Tc,3,18,ok,1
Cu-Ir-Ti,3,41,ok,1
Cu-K-Na,3,51,ok,1
Cu-La-O-Ru-Sr,5,248,ok,1
Cu-Mn-Re,3,23,ok,1
Cu-Nb,2,14,ok,1
Cu-Ni-Si,3,78,ok,1
Cu-Pb,2,17,ok,1
Cu-Pd-Sb,3,54,ok,1
Cu-Pd-Ti,3,57,ok,1
Cu-Pt-Rh,3,28,ok,1
Cu-Ru-Si-Tc,4,84,ok,1
Cu-Ru-V,3,23,ok,1
Cu-Sb-Sr,3,52,ok,1
Cu-Sc-Ti,3,45,ok,1
Cu-Si-Tb-Zr,4,120,ok,1
Dy-Ga-Pb,3,39,ok,1
Dy-Ge-Ni,3,68,ok,1
Dy-Ho-In-Pd,4,74,ok,1
Dy-Pb-Re,3,23,ok,1
Dy-Sc-Tm,3,24,ok,1
Dy-Sr-V,3,22,ok,1
Er-Fe-Gd-Ni,4,77,ok,1
Er-Ga-Sm,3,41,ok,1
Er-Ge-Hf,3,44,ok,1
Er-Ho-Sr,3,28,ok,1
Er-Ir,2,17,ok,1
Er-N-O-Tc,4,97,ok,1
Er-Rh-Si,3,89,ok,1
Er-Ru-Zn,3,34,ok,1
Eu-Mo-Sr,3,36,ok,1
Eu-Na,2,22,ok,1
Eu-Nb-O,3,91,ok,1
Eu-Nb-Tc,3,21,ok,1
Eu-Sc,2,17,ok,1
F-Hg-Se,3,52,ok,1
F-Mg-Zn,3,113,ok,1
F-Si-Sr,3,81,ok,1
Fe-Ga-N,3,116,ok,1
Fe-Ga-Ni,3,69,ok,1
Fe-Ga-Pb,3,41,ok,1
Fe-Ga-Si,3,89,ok,1
Fe-Ge-Mn,3,77,ok,1
Fe-Hf-Hg-Pt,4,72,ok,1
Fe-Hg-Mo,3,49,ok,1
Fe-Hg-Zr,3,51,ok,1
Fe-Ir,2,18,ok,1
Fe-La-Pa,3,19,ok,1
Fe-Li-Se,3,51,ok,1
Fe-Mg-Ru,3,32,ok,1
Fe-Mn-O,3,297,ok,1
Fe-Os-Zn,3,33,ok,1
Fe-Pb,2,17,ok,1
Fe-Pb-Si,3,74,ok,1
Fe-Pt-Ti,3,47,ok,1
Fe-Pt-Y,3,44,ok,1
Fe-Re-Ti,3,41,ok,1
Fe-Se,2,39,ok,1
Fe-Se-Y,3,60,ok,1
Fe-Sr-Te,3,40,ok,1
Fe-Tc-Te,3,31,ok,1
Fe-Te-Zr,3,55,ok,1
Fe-Y,2,25,ok,1
Fe-Zn,2,25,ok,1
Ga-Ge-V,3,53,ok,1
Ga-Hf-Se,3,46,ok,1
Ga-Hg-La-Mg,4,225,ok,1
Ga-In-Pt-Rh,4,76,ok,1
Ga-In-Pt-W,4,65,ok,1
Ga-K-Pd,3,54,ok,1
Ga-Mg-Mo,3,123,ok,1
Ga-Mg-Y,3,194,ok,1
Ga-Mn-Sb,3,70,ok,1
Ga-Ni-Zn,3,52,ok,1
Ga-P-Pb,3,46,ok,1
Ga-P-Sc,3,60,ok,1
Ga-Pd-Pr-Tb,4,84,ok,1
Ga-Pt-Sr,3,48,ok,1
Ga-Re-Sc,3,39,ok,1
Ga-Rh,2,23,ok,1
Ga-Sc-V,3,45,ok,1
Ga-Sc-Y-Zn,4,80,ok,1
Ga-Sc-Zr,3,51,ok,1
Ga-Ta-Tc,3,31,ok,1
Ga-Tc-Zn,3,23,ok,1
Gd-Ge-La,3,39,ok,1
Gd-Hf-Te,3,29,ok,1
Gd-Tc-Tl,3,18,ok,1
Ge-Hf-La,3,43,ok,1
Ge-In-K,3,63,ok,1
Ge-K-Mo,3,61,ok,1
Ge-K-Pd,3,55,ok,1
Ge-La-Sn,3,58,ok,1
Ge-Li,2,37,ok,1
Ge-Mg-Ni-Zr,4,135,ok,1
Ge-Mo,2,32,ok,1
Ge-Mo-Sn,3,51,ok,1
Ge-Na-Ni,3,57,ok,1
Ge-O-P,3,100,ok,1
Ge-P-Ta,3,61,ok,1
Ge-Pb-Si,3,75,ok,1
Ge-Pb-W,3,37,ok,1
Ge-Pr-Zr,3,53,ok,1
Ge-Se-Si,3,87,ok,1
Ge-Sn-Sr,3,59,ok,1
Ge-Th-V,3,37,ok,1
H-Ir-Pd-Sr,4,61,ok,1
Hf-Hg-Te,3,52,ok,1
Hf-Li-Pd-V,4,51,ok,1
Hf-Mo-Rh,3,33,ok,1
Hf-Mo-Yb,3,18,ok,1
Hf-Na-P,3,48,ok,1
Hf-Nb,2,10,ok,1
Hf-Ni-Sb,3,64,ok,1
Hf-Ni-Y,3,39,ok,1
Hf-Np-O-P,4,104,ok,1
Hf-O-P-Sn,4,230,ok,1
Hf-O-P-Th,4,117,ok,1
Hf-O-S,3,91,ok,1
Hf-Pd-Si,3,74,ok,1
Hf-Rh-W,3,26,ok,1
Hf-S,2,39,ok,1
Hf-Sc-Zr,3,29,ok,1
Hf-Si-Tl,3,66,ok,1
Hf-Ta-V,3,27,ok,1
Hf-Ti,2,16,ok,1
Hf-Yb,2,4,ok,1
Hg-In-Te,3,70,ok,1
Hg-Ir-Li-Y,4,72,ok,1
Hg-K-P,3,85,ok,1
Hg-La-Zn-Zr,4,86,ok,1
Hg-Li-Mo,3,49,ok,1
Hg-Li-Sc,3,58,ok,1
Hg-Mg-Nd-Pt,4,119,ok,1
Hg-Mn-Tl,3,47,ok,1
Hg-Mo-Tc,3,38,ok,2
Hg-Mo-Tc-Y,4,46,ok,1
Hg-Mo-Yb,3,31,ok,1
Hg-Na-Si,3,106,ok,1
Hg-Nb-W,3,37,ok,1
Hg-Ni-Rh,3,44,ok,1
Hg-Pb-Zr,3,47,ok,1
Hg-Pd-Tl,3,51,ok,1
Hg-Pt-Sr,3,68,ok,1
Hg-Pt-Ti,3,58,ok,1
Hg-Rh-Tc,3,37,ok,1
Hg-Ru-Sn-Tc,4,49,ok,1
Hg-Sn-V,3,42,ok,1
Hg-Sr-Tc,3,53,ok,1
Hg-Sr-Te,3,68,ok,1
Hg-Sr-Y,3,58,ok,1
Hg-Te-Yb,3,39,ok,1
Hg-Ti,2,36,ok,1
Hg-Ti-Zr,3,51,ok,1
Hg-Y,2,30,ok,1
Ho-I-Na-Rb,4,61,ok,1
Ho-K,2,27,ok,1
Ho-Mg-Pd-Rh,4,84,ok,1
Ho-Mo-N-O,4,211,ok,1
Ho-Nd,2,15,ok,1
Ho-Pa-Re,3,17,ok,1
In-Ir,2,14,ok,1
In-K-Li,3,58,ok,1
In-K-P,3,66,ok,1
In-K-Re,3,43,ok,1
In-K-Ta,3,46,ok,1
In-La-Li-Zn,4,78,ok,1
In-La-Rb,3,41,ok,1
In-Li-Si,3,85,ok,1
In-Li-W,3,37,ok,1
In-Mg-Pt,3,85,ok,1
In-Mg-Sn,3,145,ok,1
In-Mn-Ru,3,23,ok,1
In-Mn-W,3,25,ok,1
In-Na-Se,3,61,ok,1
In-Np-Ru,3,18,ok,1
In-O-Sn,3,110,ok,1
In-Pb-W,3,27,ok,1
In-Pt-Re,3,34,ok,1
In-Ru-W,3,23,ok,1
In-Se,2,33,ok,2
In-Si-Tl,3,66,ok,1
In-Tc,2,11,ok,1
In-Tc-Y,3,23,ok,1
Ir-K-Mg-P,4,92,ok,1
Ir-K-Ti,3,43,ok,1
Ir-La-Mn,3,29,ok,1
Ir-La-V-Y,4,53,ok,1
Ir-Li-Mo-Sn,4,66,ok,1
Ir-Li-N,3,61,ok,1
Ir-Mg-Mo,3,42,ok,1
Ir-Mn-Nb-Tl,4,39,ok,1
Ir-Mn-Sb,3,49,ok,1
Ir-Nb-Pt,3,28,ok,1
Ir-Nb-Zn,3,30,ok,1
Ir-Ni-Rh,3,24,ok,1
Ir-Ni-Tc,3,20,ok,1
Ir-Np-Ta,3,22,ok,1
Ir-Pb-Ru,3,20,ok,1
Ir-Rh-Se,3,37,ok,1
Ir-Sb,2,21,ok,1
Ir-V,2,19,ok,1
K-Li-Pd,3,48,ok,1
K-Mn-Ru,3,38,ok,1
K-Mn-Ta-Ti,4,65,ok,1
K-Na-Ni,3,48,ok,1
K-Na-Re,3,50,ok,1
K-Nb-Pb,3,40,ok,1
K-Ni-Pd,3,34,ok,1
K-Os-Te,3,43,ok,1
K-Pb-Zn,3,47,ok,1
K-S-Sb,3,97,ok,1
K-S-Sn-Tl,4,146,ok,1
K-Sb-W,3,53,ok,1
K-Sr-W,3,48,ok,1
K-Ti,2,32,ok,1
K-Ti-Y,3,41,ok,1
K-Tl-Y,3,50,ok,1
K-V-Zn,3,39,ok,1
K-Y,2,28,ok,1
La-Li-Zn,3,44,ok,1
La-N-O-Ta,4,199,ok,1
La-Na-Pd,3,34,ok,1
La-Na-Rh,3,41,ok,1
La-Na-Sc-V,4,40,ok,1
La-Na-Sn,3,58,ok,1
La-Nb-Pt-Y,4,46,ok,1
La-Nb-Re,3,15,ok,1
La-Ni-Y,3,41,ok,1
La-P-Sr,3,47,ok,1
La-Pb-Tl,3,31,ok,1
La-Pr-Th,3,20,ok,1
La-Pt-Zr,3,33,ok,1
La-Rh-Ru-Sc,4,58,ok,1
La-Sn,2,26,ok,1
La-Ta-Ti-Zn,4,62,ok,1
La-Tb,2,11,ok,1
La-W,2,11,ok,1
Li-Mn-Nb-O,4,745,ok,1
Li-Mo-Nb-Zr,4,41,ok,1
Li-Ni-Rh,3,30,ok,1
Li-O-Ti-V,4,822,ok,1
Li-Re-Ti,3,31,ok,1
Li-Rh-Tc-Y,4,46,ok,1
Li-Sc-Zr,3,32,ok,1
Li-Si-Sn,3,88,ok,1
Lu-Mg-Nb-Os,4,55,ok,1
Lu-Nd-S,3,66,ok,1
Lu-Nd-Tm,3,21,ok,1
Lu-Pr-Rh,3,30,ok,1
Lu-Rh-Th,3,25,ok,1
Mg-Mo-Ni,3,55,ok,1
Mg-Mo-Sc,3,52,ok,1
Mg-Nb-Si,3,755,ok,1
Mg-O-P-V,4,607,ok,1
Mg-Rh-Tc,3,30,ok,1
Mg-Ru-Sb,3,88,ok,1
Mg-Sc-Zr,3,64,ok,1
Mg-Se-Te,3,46,ok,2
Mg-Sn-Zr,3,157,ok,1
Mg-Ta-Tl,3,40,ok,1
Mg-Ti-Tl,3,117,ok,1
Mg-Tl,2,24,ok,1
Mg-Tl-Y,3,109,ok,1
Mg-Yb,2,8,ok,1
Mn-Mo-Te,3,47,ok,1
Mn-Na-Y,3,33,ok,1
Mn-Ni-Sn,3,54,ok,1
Mn-Ni-W,3,27,ok,1
Mn-O-Se-Sr,4,211,ok,1
Mn-O-Te-Zn,4,268,ok,1
Mn-P-Sb,3,63,ok,1
Mn-Pb-Ru,3,18,ok,1
Mn-Pd-Pt,3,32,ok,1
Mn-Pd-Pt-Rh,4,48,ok,1
Mn-Rh-Se-Te,4,75,ok,1
Mn-Si-Tc-Zr,4,104,ok,1
Mn-Sn,2,28,ok,2
Mn-Sn-Tb,3,47,ok,1
Mn-Ti-Tl,3,32,ok,1
Mn-Zr,2,21,ok,1
Mo-N-O-Sc,4,218,ok,1
Mo-Na-Rh,3,37,ok,1
Mo-Na-Sb,3,42,ok,1
Mo-Na-Sc,3,37,ok,1
Mo-Ni-Se,3,57,ok,1
Mo-Os-Pb,3,26,ok,1
Mo-Os-Ru-Zn,4,43,ok,1
Mo-Os-Se,3,43,ok,1
Mo-Os-Ti,3,36,ok,1
Mo-Re-Ta,3,36,ok,1
Mo-Sb-Tl,3,34,ok,1
Mo-Sc-W,3,29,ok,1
Mo-Sm-Sr,3,27,ok,1
Mo-Sr-Zn,3,41,ok,1
N-Na-Te,3,63,ok,1
N-O-Pr-Th,4,122,ok,1
N-Ta-W-Yb,4,94,ok,1
Na-Nb-Ru,3,35,ok,1
Na-Nb-U,3,37,ok,1
Na-Nb-Y,3,27,ok,1
Na-Ni-O,3,181,ok,1
Na-Ni-Zn,3,49,ok,1
Na-O-P-Pb,4,219,ok,1
Na-O-Re,3,93,ok,1
Na-Os-Rh,3,31,ok,1
Na-Os-Si,3,85,ok,1
Na-Os-Tc,3,32,ok,1
Na-P-Pd,3,49,ok,1
Na-P-Se,3,56,ok,1
Na-Pb-Tl,3,47,ok,1
Na-Sb-Zr,3,50,ok,1
Na-Ti-V,3,32,ok,1
Na-V-Zn,3,32,ok,1
Nb-Ni-Ru-W,4,53,ok,1
Nb-Os-Pb,3,25,ok,1
Nb-P-Pt,3,47,ok,1
Nb-Pb-Se,3,55,ok,1
Nb-Pb-Si,3,69,ok,1
Nb-Pd-Sb,3,49,ok,1
Nb-Re-Ru,3,26,ok,1
Nb-Ru-Ti-Tl,4,44,ok,1
Nb-Sc-Sr,3,32,ok,1
Nb-Sn-Zr,3,61,ok,1
Nb-Tm-W,3,19,ok,1
Nd-O-V,3,260,ok,1
Nd-O-Yb,3,45,ok,1
Nd-Pb-Ru,3,22,ok,1
Ni-Pb-V-Zr,4,56,ok,1
Ni-Re-S,3,75,ok,1
Ni-Re-V,3,24,ok,1
Ni-Rh-Sn,3,42,ok,1
Ni-Sb-Sc,3,56,ok,1
Ni-Si,2,59,ok,1
Ni-Sn,2,24,ok,1
Ni-Sn-V-W,4,50,ok,1
Ni-Ta-V,3,39,ok,1
Np-Te-Zn,3,37,ok,1
O-Os-Pb-Ru,4,79,ok,1
O-Pa-Pb,3,63,ok,1
O-Pb-Se-Sr,4,130,ok,1
O-Pb-Te-Ti,4,260,ok,1
O-Pr-Sb,3,125,ok,1
O-Pt-Tc,3,51,ok,1
O-S-Sm,3,95,ok,1
Os-Pd-Rh,3,17,ok,1
Os-Pd-Sn-Sr,4,57,ok,1
Os-Pt-Si,3,71,ok,1
Os-Sb-Sc-Te-Y,5,109,ok,1
Os-Se,2,16,ok,1
Os-Si-Tl,3,65,ok,1
Os-Sn-Te,3,32,ok,1
Os-Sn-Zr,3,63,ok,1
Os-W,2,15,ok,1
P-Pb-Tl,3,37,ok,1
P-Pr-Rh,3,45,ok,1
P-Re-Tc,3,37,ok,2
P-Rh,2,25,ok,1
P-Sb-Sc,3,55,ok,1
P-Se-W,3,49,ok,1
P-Sr,2,35,ok,1
P-Sr-Tc,3,43,ok,1
P-Sr-Y,3,45,ok,1
Pa-Pd-Ru,3,11,ok,1
Pa-Sn-U,3,32,ok,1
Pb-Pd-Pt,3,28,ok,1
Pb-Se-Ta,3,55,ok,1
Pb-Si-Sn,3,68,ok,1
Pb-Sr,2,24,ok,1
Pb-Y-Zr,3,26,ok,1
Pd-Pu-Zr,3,39,ok,1
Pd-Se-V,3,42,ok,1
Pd-Si,2,53,ok,1
Pd-Tb-Tl,3,34,ok,1
Pd-Tl-Zn,3,40,ok,1
Pd-W,2,15,ok,1
Pm-Te-Y,3,30,ok,1
Pm-Y,2,13,ok,1
Pr-Pt,2,22,ok,1
Pr-Pu,2,19,ok,1
Pr-Sb-Tb,3,48,ok,1
Pr-Sm,2,20,ok,1
Pt-Si-W,3,73,ok,1
Pt-Sn-Zr,3,71,ok,1
Pt-Ta,2,18,ok,1
Pt-Te-W,3,37,ok,1
Pu-Re,2,15,ok,1
Pu-Re-Si,3,71,ok,1
Pu-Sn-Ta,3,38,ok,1
Pu-Tl-Yb,3,15,ok,1
Re-Sc,2,18,ok,1
Re-Ta,2,17,ok,1
Re-Ta-Tl,3,25,ok,1
Re-Ta-V,3,29,ok,1
Re-Ti-Y,3,25,ok,1
Re-W,2,20,ok,1
Re-Y,2,10,ok,1
Re-Yb,2,5,ok,1
Rh-Ru,2,12,ok,1
Rh-Sn-V,3,41,ok,1
Rh-Te,2,26,ok,1
Ru-Sc-Se,3,38,ok,1
Ru-Sn-Ta,3,39,ok,1
Ru-Sr-Ti,3,27,ok,1
Sb-Sc-Se,3,52,ok,1
Sb-Sc-Ti,3,52,ok,1
Sb-Sc-Tl,3,44,ok,1
Sb-Sc-V,3,42,ok,1
Sb-Se,2,27,ok,1
Sb-Se-Tc,3,30,ok,1
Sb-Sn,2,31,ok,1
Sc-Si-Zn,3,78,ok,2
Se-Si-Y,3,78,ok,1
Se-Sn-Zr,3,85,ok,1
Se-Ta-Ti,3,75,ok,1
Se-W-Zr,3,45,ok,1
Si-Ti-Zr,3,90,ok,1
Si-Tl,2,51,ok,1
Sn-Te-W,3,38,ok,1
Sr-Ta-V,3,28,ok,1
Sr-Ti-Tl,3,36,ok,1
Sr-Zr,2,19,ok,1
Ta-Tc,2,14,ok,1
Ta-Ti,2,24,ok,1
Ta-V,2,16,ok,1
Tb-Tl-V,3,24,ok,1
Tl-W-Zn,3,26,ok,1
