layer,variant,n_structures,same_sg_pairs,diff_sg_pairs,mean_cos_same_sg,mean_cos_diff_sg,ratio,delta,macro_mean_cos_same_sg,null_ratio,cc_n_structures,cc_same_sg_pairs,cc_diff_sg_pairs,cc_mean_cos_same_sg,cc_mean_cos_diff_sg,cc_ratio,cc_delta,cc_null_ratio
0,raw,1633057,77959743497.0,1255477022599.0,0.9994192762576279,0.9985579675783572,1.0008625525079526,0.0008613086792707003,0.9983959573245635,1.000003900109853,1163971,3285.0,2480185.0,0.9996552126581368,0.9994466045606152,1.0002087236042123,0.00020860809752165643,0.9999993457460159
0,centered,1633057,77959743497.0,1255477022599.0,0.4567191630038631,-0.002325316328372858,-196.4116268531313,0.45904447933223597,0.74694372535527,0.9995804939964634,1163971,3285.0,2480185.0,0.5643415026195998,0.4519996255519624,1.2485441817135365,0.11234187706763743,0.9182544624709037
1,raw,1633057,77959743497.0,1255477022599.0,0.9991882272333548,0.9981130977083316,1.0010771620245158,0.0010751295250231996,0.9978814570638687,1.0000030023768118,1163971,3285.0,2480185.0,0.9994952057947408,0.9992299461674301,1.000265464048919,0.00026525962731072106,0.9999974830879
1,centered,1633057,77959743497.0,1255477022599.0,0.43589838909201906,-0.004052548209047162,-107.56155549708015,0.4399509373010662,0.7408510627245763,0.997082228114826,1163971,3285.0,2480185.0,0.5670125380752709,0.44309874816006656,1.2796527646032556,0.1239137899152043,0.9016516493673681
2,raw,1633057,77959743497.0,1255477022599.0,0.9987920295141196,0.9975922310786459,1.0012026942452994,0.0011997984354736868,0.9972432641038231,0.9999977399490073,1163971,3285.0,2480185.0,0.9993401020859686,0.9991056100792569,1.0002347019217448,0.00023449200671166182,0.9999989578928415
2,centered,1633057,77959743497.0,1255477022599.0,0.3988464235903947,-0.013761282201264146,-28.983231195836943,0.41260770579165884,0.7045849584178502,0.9965595649126952,1163971,3285.0,2480185.0,0.582025602673485,0.48055365878094547,1.2111563236246097,0.10147194389253955,0.8989081235190811
3,raw,1633057,77959743497.0,1255477022599.0,0.998244217681051,0.9969827836506542,1.0012652515681142,0.001261434030396802,0.9966819883285997,1.0000035132280598,1163971,3285.0,2480185.0,0.9991751863012909,0.9989511954661245,1.0002242260044163,0.00022399083516633223,0.9999995405170201
3,centered,1633057,77959743497.0,1255477022599.0,0.3333306616837665,-0.016152679793892476,-20.636245250760364,0.34948334147765897,0.6753614108418601,0.998668858597645,1163971,3285.0,2480185.0,0.6050442845579124,0.528029604977816,1.145852957588111,0.07701467958009633,0.9243326916255665
4,raw,1633057,77959743497.0,1255477022599.0,0.9975771158008254,0.9961110413552615,1.001471798207928,0.001466074445563903,0.9960797735094726,0.9999984543733909,1163971,3285.0,2480185.0,0.9989240913028345,0.9986521838175002,1.0002722744612593,0.00027190748533434395,0.999965649302194
4,centered,1633057,77959743497.0,1255477022599.0,0.31311250016064307,-0.011266517515582521,-27.7914182201894,0.32437901767622557,0.6600531877160833,1.0017709316176344,1163971,3285.0,2480185.0,0.6207126714702613,0.552507868494101,1.1234458491280084,0.06820480297616027,0.9298242107116471
5,raw,1633057,77959743497.0,1255477022599.0,0.9966314936531734,0.9949102272769678,1.0017300720497333,0.0017212663762056213,0.9952007649768276,0.999999993002018,1163971,3285.0,2480185.0,0.9984922908278573,0.9981697274060183,1.0003231548833655,0.0003225634218390061,0.9999640618396352
5,centered,1633057,77959743497.0,1255477022599.0,0.2840800906290564,-0.011681452450878023,-24.318901422888032,0.29576154307993446,0.6356370077157405,1.0040045634864319,1163971,3285.0,2480185.0,0.6197727990995257,0.5576165915927589,1.1114676436173208,0.06215620750676676,0.9373490451101104
6,raw,1633057,77959743497.0,1255477022599.0,0.9954181422651155,0.9932658030126224,1.0021669317980797,0.0021523392524931406,0.9941069777624701,1.0000021209474816,1163971,3285.0,2480185.0,0.9976223431093415,0.9973428123843123,1.000280275469536,0.00027953072502917564,0.9999299750987991
6,centered,1633057,77959743497.0,1255477022599.0,0.26659488892680955,-0.012555664682826775,-21.23303669390353,0.2791505536096363,0.6234302571407379,1.0104337723995884,1163971,3285.0,2480185.0,0.5798723375146443,0.5412113125086014,1.0714342514882824,0.03866102500604285,0.9359858696061218
7,raw,1633057,77959743497.0,1255477022599.0,0.9940231658742287,0.9914209886741154,1.0026246944838169,0.0026021772001132426,0.9928915026596398,1.0000008277981858,1163971,3285.0,2480185.0,0.9968355699054943,0.9965691563607236,1.0002673307146526,0.0002664135447706384,0.9998935045107938
7,centered,1633057,77959743497.0,1255477022599.0,0.25086394682504887,-0.012819379428260676,-19.56911785230511,0.26368332625330954,0.6144199786757848,1.002250869686223,1163971,3285.0,2480185.0,0.5760391455732007,0.5481789367948706,1.0508232018932084,0.027860208778330064,0.9333451925509404
8,raw,1633057,77959743497.0,1255477022599.0,0.992379131929815,0.9894737577351701,1.0029362822125722,0.002905374194644872,0.9917685986707824,0.9999987185456916,1163971,3285.0,2480185.0,0.9962352591283378,0.9959126107673887,1.0003239725629145,0.0003226483609490849,0.9999071352545092
8,centered,1633057,77959743497.0,1255477022599.0,0.22854743321916457,-0.012374107040393349,-18.46981220326501,0.24092154025955792,0.6038700058070705,1.0007541068660972,1163971,3285.0,2480185.0,0.5970065865993619,0.5685864060009521,1.0499839255713093,0.028420180598409783,0.9492954358553156
9,raw,1633057,77959743497.0,1255477022599.0,0.9909413230350385,0.987895398941254,1.0030832455511471,0.003045924093784458,0.9907994770574724,0.9999912242765436,1163971,3285.0,2480185.0,0.9955719725263003,0.9953211101393199,1.0002520416621579,0.000250862386980355,0.999897286126863
9,centered,1633057,77959743497.0,1255477022599.0,0.21056124228628562,-0.011701432874186938,-17.99448362864845,0.22226267516047254,0.5952857616394918,0.9951836479879851,1163971,3285.0,2480185.0,0.5993754502695022,0.5767321100555072,1.0392614522742902,0.022643340213995056,0.9506950618523383
10,raw,1633057,77959743497.0,1255477022599.0,0.9897399964243959,0.9865772747896255,1.003205751557013,0.0031627216347703824,0.9899656579919074,1.0000078325836508,1163971,3285.0,2480185.0,0.994869094666894,0.9947386120828572,1.000131172734678,0.00013048258403680624,0.9998644151726289
10,centered,1633057,77959743497.0,1255477022599.0,0.19805573454311937,-0.010933698410093631,-18.114248913275386,0.20898943295321298,0.5824384651944114,1.0012109745235684,1163971,3285.0,2480185.0,0.5913652234063669,0.5763124271013255,1.0261191596730828,0.015052796305041416,0.9513825071334371
11,raw,1633057,77959743497.0,1255477022599.0,0.9891374390234479,0.9860621663380522,1.0031187411812141,0.003075272685395647,0.98967388313441,0.9999948435182255,1163971,3285.0,2480185.0,0.9947287264043948,0.9946120448424114,1.0001173136426293,0.00011668156198341162,0.9998571837046334
11,centered,1633057,77959743497.0,1255477022599.0,0.1918185695415759,-0.01008459373097207,-19.020951627675156,0.20190316327254795,0.5680204859008106,0.9929730361218103,1163971,3285.0,2480185.0,0.5973499129158581,0.58443202474826,1.0221033201819536,0.012917888167598202,0.9539345540594557
12,raw,1633057,77959743497.0,1255477022599.0,0.9882672405161772,0.9851561964187725,1.00315791963621,0.0031110440974047027,0.9889962949916103,0.9999913661290336,1163971,3285.0,2480185.0,0.9944706878732306,0.9943222262907729,1.0001493093270293,0.0001484615824576263,0.9998543280064696
12,centered,1633057,77959743497.0,1255477022599.0,0.184329802257175,-0.010167026436293533,-18.130158646894778,0.19449682869346852,0.5613971394956804,1.0002977125666943,1163971,3285.0,2480185.0,0.6048187343873366,0.589226859459394,1.0264615821183845,0.015591874927942562,0.9570678206123608
13,raw,1633057,77959743497.0,1255477022599.0,0.9877379982383254,0.9846486088325386,1.0031375552436415,0.0030893894057868465,0.9884931375184977,0.999999894393497,1163971,3285.0,2480185.0,0.9943759546761644,0.9942591958789869,1.0001174329567797,0.00011675879717742976,0.9998350642498125
13,centered,1633057,77959743497.0,1255477022599.0,0.1784024335716173,-0.010520858529914225,-16.957022382190686,0.18892329210153153,0.5544415502570246,0.9949008046108486,1163971,3285.0,2480185.0,0.6096909070061596,0.5966035812367394,1.0219363848642855,0.013087325769420177,0.9558958920717846
14,raw,1633057,77959743497.0,1255477022599.0,0.987601375178292,0.9845028894605906,1.003147259140498,0.003098485717701438,0.9878698938163907,1.0000005596657653,1163971,3285.0,2480185.0,0.9944993636356598,0.9943252702589981,1.0001750869477715,0.00017409337666174363,0.9998948539240345
14,centered,1633057,77959743497.0,1255477022599.0,0.1788530720437098,-0.010577637958749058,-16.908602160634118,0.18943071000245884,0.5476784211954232,1.0084984274476634,1163971,3285.0,2480185.0,0.6173325403917047,0.6016752100489955,1.0260228942146947,0.01565733034270922,0.9619098607177093
15,raw,1633057,77959743497.0,1255477022599.0,0.9947918730694579,0.9895040821518357,1.0053438798414283,0.005287790917622215,0.9883815658347241,1.0000081869731317,1163971,3285.0,2480185.0,0.9961068231555077,0.9945227970418234,1.0015927499283033,0.0015840261136842448,0.9997642343738893
15,centered,1633057,77959743497.0,1255477022599.0,0.5909485177663378,-0.03249875877100737,-18.18372578258379,0.6234472765373452,0.5224390415341453,1.002050630150502,1163971,3285.0,2480185.0,0.337037895852421,0.37325236972401904,0.9029759036804647,-0.03621447387159804,0.8939652280451702
